"adresse","name","poi_id","tel","www","nummer","eignung","geraete","infrastruk","besonderes","typ","elemente","x_wgs84","y_wgs84"
"Engelbertstrasse","Mattenhof","sp026","+41 44 322 02 20","http://www.stadt-zuerich.ch/content/ted/de/index/gsz/natur-_und_erlebnisraeume/spielplaetze.html",26,"0 - 9 Jahre","Sitzkarussell, Pumpen, Hangrutsche, Federwippe, Kletteranlage, Balanciergerät, Rundlauf, Tischtennistisch","WC, Feuerstellen, Sitzbänke","grosszügige, naturnahe Anlage, Familienausflugsziel, Schlüssel für Toilette muss beim Friedhof Schwamendingen ausgeliehen werden","Spielplatz","Sandanlage, Spiel- und Liegewiese",8.589921011,47.397965776
"Hüttenkopf-/Ziegelhüttenstrasse","Ziegelhütte","sp025","+41 44 322 02 20","http://www.stadt-zuerich.ch/content/ted/de/index/gsz/natur-_und_erlebnisraeume/spielplaetze.html",25,"0 - 9 Jahre","Brettschaukel, Sandkasten, Sitzkarussell","Sitzbänke, Feuerstellen, Brunnen","Ausflugsziel, Aussicht, am Waldrand","Spielplatz","Spiel- und Liegewiese, Spielhügel",8.573773706,47.398665226
"Buchegg-/Hofwiesenstrasse","GZ Buchegg","sp024","+41 44 361 63 18","http://www.stadt-zuerich.ch/content/ted/de/index/gsz/natur-_und_erlebnisraeume/spielplaetze.html",24,"0 - 16 Jahre","Hängematte, Seilbahn,  Hangrutsche, Geschlossene Rutsche, Kombischaukel,  Brettschaukel, Kletterelement, Balanciergerät, Korbschaukel, Sandspielgeräte, Pumpen, Wasserspiel","Sitzbänke, Feuerstellen","Gemeinschaftszentrum mit Tieren,  grosszügige Anlage, Velopark","GZ mit Spielplatz","Sandanlage, Spiel- und Liegewiese, Boulderwand, Spielhügel",8.534714048,47.399717084
"Obere Waidstrasse","Obere Waidstrasse","sp023","+41 44 361 63 18","http://www.stadt-zuerich.ch/content/ted/de/index/gsz/natur-_und_erlebnisraeume/spielplaetze.html",23,"0-5 Jahre","Sandbereich, Brettschaukel, Kletteranlage mit Rutsche","Brunnen, Sitzbänke","Aussichtspunkt","Spielplatz","Sandanlage",8.52212626,47.399610961
"Schürbungert/Steinkluppenweg/Anna Heer Strasse","Steinkluppenanlage","sp021","+41 44 361 63 18","http://www.stadt-zuerich.ch/content/ted/de/index/gsz/natur-_und_erlebnisraeume/spielplaetze.html",21,"0-5 Jahre","Brettschaukel, Kletteranlage mit Rutsche, Sandbereich","Brunnen,  Sitzbänke","Rollschuhbahn","Spielplatz","Spiel- und Liegewiese",8.540169795,47.400879523
"Helen-Keller-Strasse","GZ Hirzenbach","sp020","+41 44 322 02 20","http://www.stadt-zuerich.ch/content/ted/de/index/gsz/natur-_und_erlebnisraeume/spielplaetze.html",20,"0 - 16 Jahre","Pumpe, Korbschaukel, Hangrutsche, Pendelschaukel, Wasserspiel,  Brettschaukel, Seilanlage, Seilbahn, Sandbereich, Sandspielgerät, Tischtennistisch","Feuerstellen","Gemeinschaftszentrum, naturnahe Umgebung","GZ mit Spielplatz","grosse Spiel- und Liegewiese, grosse Kiesfläche, Spielhügel",8.591532619,47.402154305
"Regensberg-/Binzwiesen-/Friedheimstrasse","Waldgarten","sp019","+41 44 322 02 20","http://www.stadt-zuerich.ch/content/ted/de/index/gsz/natur-_und_erlebnisraeume/spielplaetze.html",19,"0 - 16 Jahre","Kletteranlage mit Rutsche, Brettschaukel, Kletterbaumstamm,  Sandbereich, Tischtennistisch, Sandkasten","Brunnen","grosse Spielwiese mit Quartiertreff","Spielplatz","grosse Spiel- und Liegewiese, grosse Kiesfläche",8.555143393,47.404257623
"Lyrenweg","Buchlern Sportanlage","sp104b","+41 44 431 57 61","http://www.stadt-zuerich.ch/content/ted/de/index/gsz/natur-_und_erlebnisraeume/spielplaetze.html","104b","0 - 5 Jahre","Balkenwippe, Brettschaukel, Spielhaus, Federwippe, Drehteller","Sitzbänke, Brunnen","übersichtliche Spielanlage neben Café bei Sportanlage","Spielplatz","Kiesplatz",8.476924175,47.380895369
"Algierstrasse","Buchlern","sp104a","+41 44 431 57 61","http://www.stadt-zuerich.ch/content/ted/de/index/gsz/natur-_und_erlebnisraeume/spielplaetze.html","104a","0 - 9 Jahre","Bockrutsche, Federwippe, Seilbahn, Brettschaukel, Sandbereich, Federwippe, Balanciergerät, Kletteranlage mit Rutsche","Sitzbänke, Fussballtore","grosszügige Spielanlage am Bach","Spielplatz","Bach, Spiel- und Liegewiese",8.47981329,47.379841111
"Wehntalerstrasse 350","Bauspielspass Affoltern","sp192","+41 44 371 09 20","http://www.stadt-zuerich.ch/content/ted/de/index/gsz/natur-_und_erlebnisraeume/spielplaetze.html",192,"0 - 16 Jahre","keine Spielgeräte","Feuerstelle","Hauptaktivität ist der Bau von Hütten und das Werken mit Holz und anderen Materialien, beaufsichtigter Bauspielplatz mit Öffnungszeiten","Bauspielplatz - privater Verei","Abenteuerspielplatz",8.520235107,47.413472032
"An der Schwandenwiese","Abenteuerspielplatz Buntspecht","sp191","+41 44 302 17 44","http://www.stadt-zuerich.ch/content/ted/de/index/gsz/natur-_und_erlebnisraeume/spielplaetze.html",191,"0 - 16 Jahre","keine Spielgeräte","Feuerstelle","Hauptaktivität ist der Bau von Hütten und das Werken mit Holz und anderen Materialien, beaufsichtigter Bauspielplatz mit Öffnungszeiten","Bauspielplatz - privater Verei","Abenteuerspielplatz",8.534491761,47.424924623
"Riedhofstrasse, unterhalb ASIG-Siedlung Rütihof am Waldrand","Bauspielplatz Rütihütten","sp190","+41 44 344 14 00","http://www.stadt-zuerich.ch/content/ted/de/index/gsz/natur-_und_erlebnisraeume/spielplaetze.html",190,"0 - 16 Jahre","keine Spielgeräte","Feuerstelle","Hauptaktivität ist der Bau von Hütten und das Werken mit Holz und anderen Materialien, beaufsichtigter Bauspielplatz mit Öffnungszeiten","Bauspielplatz - privater Verei","Abenteuerspielplatz",8.476699334,47.412229351
"Gleisbogen 40 (Spielplatz)","Pfingstweidpark","sp189","+41 44 461 21 17","http://www.stadt-zuerich.ch/content/ted/de/index/gsz/natur-_und_erlebnisraeume/spielplaetze.html",189,"0 - 5 Jahre","Brettschaukel, Offene Hangrutsche, Brettschaukel, Sandbereich, Pumpen, Tischtennistisch","Sitzbänke, Feuerstelle, Sonnenschirm","moderne Parkanlage","Spielplatz","Spiel- und Liegewiese, Planschbecken",8.512409598,47.388152016
"Wasserwerkstrasse","Unterer Letten(Freibad)","sp188","+41 44 361 63 18","http://www.stadt-zuerich.ch/content/ted/de/index/gsz/natur-_und_erlebnisraeume/spielplaetze.html",188,"0 - 9 Jahre","Brettschaukel, Sitzkarussell, Kletteranlage mit Rutsche","Sitzbänke","Spielanlage in Badeanlage. Öffnungszeiten berücksichtigen!","Spielplatz in Badeanlage","Spiel- und Liegewiese",8.529714614,47.389132202
"Mythenquai","Mythenquai (Strandbad)","sp134","+41 44 201 75 00","http://www.stadt-zuerich.ch/content/ted/de/index/gsz/natur-_und_erlebnisraeume/spielplaetze.html",134,"0 - 9 Jahre","Bockrutsche, Brettschaukel, Hängematte, Federwippe, Pendelschaukel, Partnerschaukel, Korbschaukel, Sitzkarussell, Drehkletterturm","Sitzbänke","Jeweils kostenlos zugänglich von Oktober bis April","Spielplatz in Badeanlage","Spiel- und Liegewiese, Sandstrand",8.534612195,47.353445447
"Marktplatz","Marktplatz Oerlikon","sp133","+41 44 322 02 20","http://www.stadt-zuerich.ch/content/ted/de/index/gsz/natur-_und_erlebnisraeume/spielplaetze.html",133,"0 - 5 Jahre","Brettschaukel, Balkenwippe","Sitzbänke, Brunnen","grosser Marktplatz mit Brunnen","SPPL GSZ öffentlich","Hartplatz",8.544452501,47.410539936
"Birchstrasse","Oerlikerpark","sp131","+41 44 302 17 44","http://www.stadt-zuerich.ch/content/ted/de/index/gsz/natur-_und_erlebnisraeume/spielplaetze.html",131,"0 - 9 Jahre","Brettschaukel, Korbschaukel, Kletteranlage mit Rutsche, Federwippe, Hängematte, Balanciergerät, Lauschrohr, Sandkasten","Sitzbänke, Sonnenschirme","Einzigartige Kletteranlage","Spielplatz","Kiesfläche, Liegerost aus Holz, Wasserspiel",8.537269874,47.414887272
"Sihlpromenade","Sihlpromenade","sp130","+41 44 201 75 00","http://www.stadt-zuerich.ch/content/ted/de/index/gsz/natur-_und_erlebnisraeume/spielplaetze.html",130,"0 - 9 Jahre","Brettschaukel, Kletteranlage mit Rutsche, Kletteranlage mit Rutsche, Sandbereich,  Reck","Sitzbänke, Spielkisten","Einzigartige Kletteranlage in Form und Farbgebung auf SZU-Züge abgestimmt","Spielplatz","Spiel- und Liegewiese, Weidengang, Spielhügel",8.526867789,47.367427256
"Limmatstrasse, neben Schulhaus Limmat","Klingenpark","sp129","+41 44 461 21 17","http://www.stadt-zuerich.ch/content/ted/de/index/gsz/natur-_und_erlebnisraeume/spielplaetze.html",129,"0 - 9 Jahre","Pendelschaukel, Balanciergerät, Drehteller, Kletterelement, Drehkletterturm, Tischtennistisch","Sitzbänke","Parkanlage mit kleiner Spielanlage","Spielplatz","Spiel- und Liegewiese",8.534855101,47.382847584
"Kürbergsteig","Kürberganlage","sp128","+41 44 344 14 00","http://www.stadt-zuerich.ch/content/ted/de/index/gsz/natur-_und_erlebnisraeume/spielplaetze.html",128,"0 - 5 Jahre","Sandkasten, Brettschaukel","Sitzbänke","kleine Spielanlage","Spielplatz","Spiel- und Liegewiese",8.506976458,47.39858268
"Bullingerstrasse/ Hardauweg","Hardau","sp125","+41 44 461 21 17","http://www.stadt-zuerich.ch/content/ted/de/index/gsz/natur-_und_erlebnisraeume/spielplaetze.html",125,"0 - 9 Jahre","Wasserförderanlage, Stangenlabyrinth, Balanciergerät, Hängematte, Sandbereich, Korbschaukel,  Pumpe, Kletteranlage mit Rutsche","Sitzbänke","Quartierspielplatz","Spielplatz","Kiesplatz, Weidendschungel",8.509362849,47.382990195
"Strickhofstrasse","Alfred-Altherr-Terrasse","sp036","+41 44 361 63 18","http://www.stadt-zuerich.ch/content/ted/de/index/gsz/natur-_und_erlebnisraeume/spielplaetze.html",36,"0 - 5 Jahre","Brettschaukel, Kleinkinderschaukel, Wasserspiel, Sandbereich, Brettschaukel","Sitzbänke, Wasserbecken, Brunnen, Feuerstellen","Schöner Aussichtspunkt","Spielplatz","Sandanlage, grosse Kiesrasenfläche",8.552383632,47.395122466
"Stampfenbachstrasse 116-130","Beckenhof","sp034","+41 44 361 63 18","http://www.stadt-zuerich.ch/content/ted/de/index/gsz/natur-_und_erlebnisraeume/spielplaetze.html",34,"0 - 5 Jahre","Federwippe, Brettschaukel, Sandbereich, Rutsche, Federwippe, Kleinkinderschaukel","Sitzbänke","historische Anlage mit sehr schönem Baumbestand","Spielplatz","Spiel- und Liegewiese",8.54042152,47.385513453
"Zeuner-/Kyburg-/Landenbergstrasse","Landenberganlage","sp032","+41 44 361 63 18","http://www.stadt-zuerich.ch/content/ted/de/index/gsz/natur-_und_erlebnisraeume/spielplaetze.html",32,"0 - 9 Jahre","Kletteranlage mit Rutsche, Sandbereich, Federwippe, Brettschaukel, Tischtennistisch","Sitzbänke","grosszügig Parkanlage mit altem Baumbestand","Spielplatz","Spiel- und Liegewiese",8.527298321,47.392096409
"Ampèrestrasse","GZ Wipkingen","sp031","+41 44 361 63 18","http://www.stadt-zuerich.ch/content/ted/de/index/gsz/natur-_und_erlebnisraeume/spielplaetze.html",31,"0 - 16 Jahre","Wasserspiel, Kletteranlage mit Rutsche, Brettschaukel, Korbschaukel, Sandbereich, Sandspielgerät, Seilanlage, Kletterelement, Kletteranlage","Sitzbänke, Brunnen","Gemeinschaftszentrum mit Cafe direkt an der Limmat, Kinderbauernhof mit Tieren","GZ mit Spielplatz","Spiel- und Liegewiese, Planschbecken",8.520160653,47.392847093
"Klopstockstrasse","Klopstockwiese","sp077","+41 44 201 75 00","http://www.stadt-zuerich.ch/content/ted/de/index/gsz/natur-_und_erlebnisraeume/spielplaetze.html",77,"0 - 5 Jahre","Balanciergerät, Federwippe, Sandbereich, Sitzkarussell, Sandspielgeräte","Sitzbänke","grosszügige Parkanlage mit schönem Baumbestand","Spielplatz","Spiel- und Liegewiese, Schlittelhang",8.524014331,47.3623889
"Schweighofstrasse/Döltschiweg","Känguruhwiese","sp076","+41 44 492 71 41","http://www.stadt-zuerich.ch/content/ted/de/index/gsz/natur-_und_erlebnisraeume/spielplaetze.html",76,"0 - 16 Jahre","Federwippe, Sandkasten, Kletteranlage mit Rutsche, Korbschaukel","Sitzbänke, Brunnen","grosszügige Parkanlage mit Streuobstwiese","Spielplatz","Spiel- und Liegewiese, Hartplatz, Schlittelhügel",8.501338236,47.363710029
"Roswiesenstrasse","Roswiesen","sp017","+41 44 322 02 20","http://www.stadt-zuerich.ch/content/ted/de/index/gsz/natur-_und_erlebnisraeume/spielplaetze.html",17,"0 - 5 Jahre","Balanciergerät, Kombischaukel, Sandbereich, Kletteranlage mit Rutsche","Sitzbänke","grosszügiger Quartierspielplatz","Spielplatz","grosse Kiesfläche",8.577641161,47.405336908
"Herzogenmühlestrasse","Herzogenmühle","sp016","+41 44 322 02 20","http://www.stadt-zuerich.ch/content/ted/de/index/gsz/natur-_und_erlebnisraeume/spielplaetze.html",16,"0-5 Jahre","Sandbereich, Sandspielgerät","Sitzbänke, Wasseranschluss","kleine Grünanlage am Bach","Spielplatz","Spiel- und Liegewiese, Bach, Sandanlage, Arena",8.572586572,47.405420743
"Föhrenstrasse","Föhrenwald","sp015","+41 44 322 02 20","http://www.stadt-zuerich.ch/content/ted/de/index/gsz/natur-_und_erlebnisraeume/spielplaetze.html",15,"0 - 9 Jahre","Kletteranlage mit Rutsche, Brettschaukel, Brettschaukel, Spielhaus, Sandbereich, Hüpfteller,  Federwippe","Feuerstellen","im Wald gelegener Quartierspielplatz","Spielplatz","Spiel- und Liegewiese, Planschbecken",8.541596822,47.405813206
"Saatlenstrasse","Saatlen-Grünzug","sp014","+41 44 322 02 20","http://www.stadt-zuerich.ch/content/ted/de/index/gsz/natur-_und_erlebnisraeume/spielplaetze.html",14,"0-5 Jahre","Sandbereich, Matschtisch, Sandspielgeräte, Kletteranlage mit Rutsche, Brettschaukel","Sitzbänke","Grünzug","Spielplatz","Sandanlage",8.568314217,47.405977475
"Althoosstrasse","Althoos","sp012","+41 44 371 05 13","http://www.stadt-zuerich.ch/content/ted/de/index/gsz/natur-_und_erlebnisraeume/spielplaetze.html",12,"0 - 9 Jahre","Sandbereich, Brettschaukel, Hüpfteller, Hangrutsche","Pergola, Sitzbänke","grosszügige Grünanlage","Spielplatz","Spiel- und Liegewiese",8.521446102,47.410465344
"Riedgrabenweg","Schörli-Grünzug","sp011","+41 44 322 02 20","http://www.stadt-zuerich.ch/content/ted/de/index/gsz/natur-_und_erlebnisraeume/spielplaetze.html",11,"0 - 9 Jahre","Kletteranlage, Balanciergerät, Hangrutsche, Kletteranlage mit Rutsche, Brettschaukel, Federwippe, Sandbereich","Sitzbänke","grosszügiger Grünzug","Spielplatz","Spiel- und Liegewiese",8.560213363,47.41011121
"Im Hagenbrünneli","Hagenbrünneli","sp010","+41 44 371 05 13","http://www.stadt-zuerich.ch/content/ted/de/index/gsz/natur-_und_erlebnisraeume/spielplaetze.html",10,"0 - 5 Jahre","Kleinkinderschaukel, Kletterlement, Federwippe, Sandbereich, Hangrutsche, Rotationsgerät","Sitzbänke","kleine Grünanlage","Spielplatz","Spiel- und Liegewiese",8.511917206,47.413321897
"Edelweissstrasse","Letzigraben (Freibad)","sp187","+41 44 461 21 17","http://www.stadt-zuerich.ch/content/ted/de/index/gsz/natur-_und_erlebnisraeume/spielplaetze.html",187,"0 - 9 Jahre","Drehscheiben, Rotationsgerät, Kletterelement","Sitzbänke","Spielanlage in Badeanlage. Öffnungszeiten berücksichtigen!","Spielplatz in Badeanlage","Spiel- und Liegewiese",8.499095153,47.379351928
"Wasserschöpfi","Heuried (Freibad)","sp186","+41 44 492 71 41","http://www.stadt-zuerich.ch/content/ted/de/index/gsz/natur-_und_erlebnisraeume/spielplaetze.html",186,"0 - 9 Jahre","Drehteller, Sandkasten, Rutsche, Kletteranlage mit Rutsche, Schwingwippe, Hängematte, Brettschaukel, Federwippe","Sitzbänke","Umbau 2016","Spielplatz in Badeanlage","Spiel- und Liegewiese",8.506077428,47.366955327
"Luegislandstrasse","Auhof (Freibad)","sp185","+41 44 322 02 20","http://www.stadt-zuerich.ch/content/ted/de/index/gsz/natur-_und_erlebnisraeume/spielplaetze.html",185,"0 - 9 Jahre","Kletteranlage mit Rutsche, Brettschaukel","Sitzbänke","Spielanlage in Badeanlage. Öffnungszeiten berücksichtigen!","Spielplatz in Badeanlage","Spiel- und Liegewiese",8.57029632,47.407712469
"Wallisellenstrasse","Hallenbad Oerlikon","sp184","+41 44 322 02 20","http://www.stadt-zuerich.ch/content/ted/de/index/gsz/natur-_und_erlebnisraeume/spielplaetze.html",184,"0 - 9 Jahre","Rundlauf, Spielhaus, Kletteranlage","Sitzbänke","Spielanlage in Badeanlage. Öffnungszeiten berücksichtigen!","Spielplatz in Badeanlage","Spiel- und Liegewiese",8.556243292,47.409234508
"Zwischen den Hölzern","Zwischen den Hölzern (Freibad)","sp183","+41 44 344 14 00","http://www.stadt-zuerich.ch/content/ted/de/index/gsz/natur-_und_erlebnisraeume/spielplaetze.html",183,"0 - 9 Jahre","Brettschaukel, Federwippe, Wasserförderanlage, Seilanlage ohne Rutsche, Rundlauf","Sitzbänke","Spielanlage in Badeanlage. Öffnungszeiten berücksichtigen!","Spielplatz in Badeanlage","Spiel- und Liegewiese",8.473959072,47.409272558
"Ringstrasse","Allenmoos (Freibad)","sp182","+41 44 361 63 18","http://www.stadt-zuerich.ch/content/ted/de/index/gsz/natur-_und_erlebnisraeume/spielplaetze.html",182,"0 - 9 Jahre","Schwingwippe, Federwippe, Korbschaukel, Drehkletterturm, Sandspielgeräte, Balkenwippe, Brettschaukel, Kletteranlage mit Rutsche","Sitzbänke","Spielanlage in Badeanlage. Öffnungszeiten berücksichtigen!","Spielplatz in Badeanlage","Spiel- und Liegewiese",8.539074356,47.404876159
"Glattalstrasse","Seebach (Freibad)","sp181","+41 44 302 17 44","http://www.stadt-zuerich.ch/content/ted/de/index/gsz/natur-_und_erlebnisraeume/spielplaetze.html",181,"0 - 9 Jahre","Brettschaukel, Rotationsgerät, Wasserförderanlage, Wasserspiel","Sitzbänke","Spielanlage in Badeanlage. Öffnungszeiten berücksichtigen!","Spielplatz in Badeanlage","Spiel- und Liegewiese",8.547735573,47.424455084
"Peterstobelweg","Resiweiher","sp124","+41 44 361 63 18","http://www.stadt-zuerich.ch/content/ted/de/index/gsz/natur-_und_erlebnisraeume/spielplaetze.html",124,"0 -5 Jahre","keine Spielgeräte","Sitzbänke, Feuerstelle","Waldspielplatz, Aussicht, am Waldrand gelegen","Spielfläche im Wald","Umgebung eines kleinen Stauweihers",8.552963844,47.392499115
"Holunderweg","Birchwald","sp123","+41 44 302 17 44","http://www.stadt-zuerich.ch/content/ted/de/index/gsz/natur-_und_erlebnisraeume/spielplaetze.html",123,"0 - 16 Jahre","Drehteller, Balanciergerät, Hängematte, Brettschaukel, Tischtennistisch","Sitzbänke","grosszügige Parkanlage mit altem Baumbestand","Spielplatz","Spiel- und Liegewiese, kleiner Wald",8.535416606,47.408941037
"Einfang-/Wehntalerstrasse 447","Im Einfang","sp122","+41 44 371 05 13","http://www.stadt-zuerich.ch/content/ted/de/index/gsz/natur-_und_erlebnisraeume/spielplaetze.html",122,"0 - 5 Jahre","Kletteranlage mit Rutsche, Sandbereich, Brettschaukel, Matschtisch","Sitzbänke, Brunnen","Kleine Parkanlage","Spielplatz","Spiel- und Liegewiese",8.512964129,47.416196334
"Katzenseestrasse, am Südufer des Katzensees","Katzensee (Seebad)","sp121","+41 44 371 05 13","http://www.stadt-zuerich.ch/content/ted/de/index/gsz/natur-_und_erlebnisraeume/spielplaetze.html",121,"0 - 5 Jahre","Brettschaukel, Sandbereich, Korbschaukel, Sandspielgeräte, Kletteranlage mit Rutsche","Sitzbänke,  Feuerstelle","sehr schöne Lage, naturnahe Uferbereiche","Spielplatz in Badeanlage","Spiel- und Liegewiese, Sandanlage",8.493739371,47.431218095
"Werdinsel, Winzerhalde","Au-Höngg (Flussbad)","sp119","+41 44 344 14 00","http://www.stadt-zuerich.ch/content/ted/de/index/gsz/natur-_und_erlebnisraeume/spielplaetze.html",119,"0 - 9 Jahre","Seilanlage, Schwingwippe, Federwippe, Brettschaukel, Drehkletterturm, Balkenwippe, Wasserförderanlage, Rundlauf, Brettschaukel","Sitzbänke, Planschbecken","Spielanlage liegt innerhalb Badeanlage an der Limmat. Die Anlage ist nur über die Sommermonate zugänglich.","Spielplatz in Badeanlage","Spiel- und Liegewiese",8.489781454,47.39915253
"Langmauerstrasse 7 (Spielplatz)","Quartiertreff Unterstrass","sp118","+41 44 361 63 18","http://www.stadt-zuerich.ch/content/ted/de/index/gsz/natur-_und_erlebnisraeume/spielplaetze.html",118,"0 - 5 Jahre","Sandbereich, Brettschaukel, Federwippe, Rutsche","Sitzbänke","Quartierhaus Kreis 6","Quartiertreff mit Spielplatz",,8.540746708,47.388885005
"Rieter-/Waffenplatzstrasse","Rieteranlage","sp117","+41 44 201 75 00","http://www.stadt-zuerich.ch/content/ted/de/index/gsz/natur-_und_erlebnisraeume/spielplaetze.html",117,"0 - 5 Jahre","Federwippe, Brettschaukel","Sitzbänke, Pergola","kleine Spielanlage","Spielplatz","grosse Kiesfläche",8.526550497,47.356427786
"Friesenbergsstrasse/Wasserschöpfi","Wasserschöpfi","sp075","+41 44 492 71 41","http://www.stadt-zuerich.ch/content/ted/de/index/gsz/natur-_und_erlebnisraeume/spielplaetze.html",75,"0 - 5 Jahre","Pumpe, Tischtennistisch","ZüriWC, Sitzbänke","kleine, übersichtliche Anlage","Spielplatz","Spiel- und Liegewiese",8.50811471,47.364991075
"Manessestrasse, neben Sportplatz","Sihlhölzli","sp073","+41 44 461 21 17","http://www.stadt-zuerich.ch/content/ted/de/index/gsz/natur-_und_erlebnisraeume/spielplaetze.html",73,"0 - 5 Jahre","Klettergerät, Klettergerät mit Rutschstange","Trinkbrunnen, Züri-WC","Bestandteil des Projekts 'Aufwertung der Manessestrasse', schöner Baumbestand","Spielplatz","Spielwiese, Planschbecken",8.5236548,47.366701461
"Schlossgasse/Wiedingstrasse","Kollerwiese","sp072","+41 44 461 21 17","http://www.stadt-zuerich.ch/content/ted/de/index/gsz/natur-_und_erlebnisraeume/spielplaetze.html",72,"0 - 16 Jahre","Brettschaukel, Balanciergerät, Kletterelement, Findlinge, Sandbereich, Bockrutsche, Kletteranlage mit Rutsche, Federwippe","Züri-WC, Trinkbrunnen, Spielanimation","wunderschönes Spielschiff","Spielplatz","Spiel- und Liegewiese, Schlittelhang",8.519154409,47.368221615
"Erlach-/Aegertenstrasse","Aegerten","sp071","+41 44 461 21 17","http://www.stadt-zuerich.ch/content/ted/de/index/gsz/natur-_und_erlebnisraeume/spielplaetze.html",71,"0 - 16 Jahre","Gurtensteg, Kombischaukel, Seilanlage mit Rutsche, Balanciergerät, Balanciergerät, Bockrutsche, Pumpe, Kombischaukel, Federwippe, Drehkletterturm","Sitzbänke, Züri-WC","schöner Baumbestand","Spielplatz","Spielwiese, Spielfläche",8.522711834,47.368438805
"Triemlifussweg","Triemlifussweg","sp070","+41 44 431 57 61","http://www.stadt-zuerich.ch/content/ted/de/index/gsz/natur-_und_erlebnisraeume/spielplaetze.html",70,"0 - 5 Jahre","Brettschaukel, Sandbereich,  Röhre, Brettschaukel","Sitzbänke","Ruhige Parkanlage","Spielplatz","Grünzug",8.499324578,47.370255819
"Gutstrasse","Im Gut","sp069","+41 44 492 71 41","http://www.stadt-zuerich.ch/content/ted/de/index/gsz/natur-_und_erlebnisraeume/spielplaetze.html",69,"0 - 9 Jahre","Sandbereich, Kletteranlage mit Rutsche, Lauschrohr","Sitzbänke","Attraktiver, vielfältiger Spielplatz","Spielplatz","Spiel- und Liegewiese",8.505502268,47.37131515
"Kalkbreitestrasse 93","Wiedinghof","sp068","+41 44 492 71 41","http://www.stadt-zuerich.ch/content/ted/de/index/gsz/natur-_und_erlebnisraeume/spielplaetze.html",68,"0 - 5 Jahre","Brettschaukel, Tischtennistisch","Sitzbänke","Innenhof mit schönem Baumbestand","Spielplatz","Spiel- und Liegewiese",8.516840785,47.371626436
"Neunbrunnenstrasse","Neunbrunnenanlage","sp008","+41 44 302 17 44","http://www.stadt-zuerich.ch/content/ted/de/index/gsz/natur-_und_erlebnisraeume/spielplaetze.html",8,"0-5 Jahre","Balanciergerät, Schaukel","Sitzbänke, Brunnen","alter Baumbestand, von Strasse gut abgeschirmt","Spielplatz","Grünzug am Bach",8.54292358,47.417057698
"Gablerstrasse 20 (Spielplatz)","Quartiertreff Enge","sp166","+41 44 201 75 00","http://www.stadt-zuerich.ch/content/ted/de/index/gsz/natur-_und_erlebnisraeume/spielplaetze.html",166,"0 - 9 Jahre","Pumpe, Brettschaukel, Sandbereich, Matschtisch, Kletteranlage, Kletteranlage mit Rutsche, Korbschaukel, Spielhaus","Feuerstelle, Sitzbänke, Sonnenschirm","Quartiertreff mit Café","Quartiertreff mit Spielplatz","Spiel- und Liegewiese",8.529485082,47.359723672
"Klosterfahrweg","Fabrik am Wasser","sp165","+41 44 344 14 00","http://www.stadt-zuerich.ch/content/ted/de/index/gsz/natur-_und_erlebnisraeume/spielplaetze.html",165,"0 - 9 Jahre","Hangrutsche, Rotationsgerät, Kletteranlage mit Rutsche, Korbschaukel, Klettergerät, Seilbahn","Sitzbänke","Spielanlage an der Limmat gelegen, Bistro direkt neben Spielplatz,","Spielplatz","Spiel- und Liegewiese",8.505874949,47.395334853
"Bannholz-/Waldhüslistrasse","Waldhüsli","sp139","+41 44 361 63 18","http://www.stadt-zuerich.ch/content/ted/de/index/gsz/natur-_und_erlebnisraeume/spielplaetze.html",139,"0 - 5 Jahre","keine Spielgeräte","Sitzbänke, Tisch, Feuerstelle, Brunnen, offene Hütte","Waldlichtung","Spielfläche im Wald","Spiel- und Liegewiese",8.562801489,47.392880699
"Batteriestrasse (Moosholz)","Moosholz","sp138","+41 44 361 63 18","http://www.stadt-zuerich.ch/content/ted/de/index/gsz/natur-_und_erlebnisraeume/spielplaetze.html",138,"0 - 5 Jahre","keine Spielgeräte","Sitzbänke, Feuerstelle, Brunnen, Unterstand","Waldlichtung","Spielfläche im Wald","grosse Kiesfläche, Teich",8.562135083,47.389549998
"Letzigraben/Badener-/Brahmsstrasse","Heiligfeld","sp105","+41 44 492 71 41","http://www.stadt-zuerich.ch/content/ted/de/index/gsz/natur-_und_erlebnisraeume/spielplaetze.html",105,"0 - 5 Jahre","Kletteranlage mit Rutsche, Kletterelement, Sandbereich, Wasserspiel, Brettschaukel","Sitzbänke, Brunnen","grosszügige Spielanlage mit schönem Baumbestand","Spielplatz","Spiel- und Liegewiese, Kletterfelsen, Kiesplatz",8.5050615,47.379631863
"Bachwiesenstrasse/Mathysweg","GZ Bachwiesen","sp103","+41 44 431 57 61","http://www.stadt-zuerich.ch/content/ted/de/index/gsz/natur-_und_erlebnisraeume/spielplaetze.html",103,"0 - 16 Jahre","Hamsterrad, Riesenschaukel, Kletteranlage mit Rutsche, Brettschaukel, Sandbereich, Federwippe,  Balkenwippe, Bockrutsche,  Pumpe, Spielhaus, Tischtennistisch","Sitzbänke, alte Dampfwalze","Gemeinschaftszentrum, grosszügige, abwechslungsreiche Anlage mit Tieren","GZ mit Spielplatz","Bachspielbereich, Spiel- und Liegewiese, Tiergehege, Volière, Summstein, Brunnen, Pergola",8.486509658,47.380357203
"Schaffhauserstrasse","Emil-Oberhänsli-Anlage","sp007","+41 44 302 17 44","http://www.stadt-zuerich.ch/content/ted/de/index/gsz/natur-_und_erlebnisraeume/spielplaetze.html",7,"0 - 5 Jahre","Federwippe,  Schwingwippe, Kleinkinderschaukel, Rutsche, Sandbereich, Sandspielgeräte, Tischtennistisch","Sitzbänke","Kleine Parkanlage","Spielplatz","Spiel- und Liegewiese",8.54509546,47.417440124
"Hürstholz","Hürstwaldwiese","sp005","+41 44 371 05 13","http://www.stadt-zuerich.ch/content/ted/de/index/gsz/natur-_und_erlebnisraeume/spielplaetze.html",5,"0 - 16 Jahre","keine Spielgeräte","Sitzbänke, Tisch, Feuerstelle, Wasserstelle","Waldlichtung","Spielfläche im Wald","Spiel- und Liegewiese",8.51928936,47.418289398
"Schärenmoosstrasse","Schärenmooswiese","sp004","+41 44 302 17 44","http://www.stadt-zuerich.ch/content/ted/de/index/gsz/natur-_und_erlebnisraeume/spielplaetze.html",4,"0 - 16 Jahre","Kletteranlage mit Rutsche, Federwippe,  Balanciergerät, Brettschaukel, Sandbereich","Sitzbänke, Tisch","Umbau 2016","Spielplatz","Spiel- und Liegewiese",8.552015011,47.421300896
"Am Katzenbach, Hertensteinstrasse","GZ Seebach","sp002","+41 44 302 17 44","http://www.stadt-zuerich.ch/content/ted/de/index/gsz/natur-_und_erlebnisraeume/spielplaetze.html",2,"0 - 16 Jahre","Matschtisch, Sandbereich, Sandspielgeräte, Brettschaukel, Wasserspiel,Hangrutsche, Balkenwippe,   Kletterelement, Seilbahn, Federwippe, Boulderwand","Feuerstelle, Brunnen, Sitzbänke, Tisch","Gemeinschaftszentrum am Katzenbach","GZ mit Spielplatz","Spiel- und Liegewiese, Hartplatz, Bocciabahn",8.544897482,47.424374349
"Bodenacker 25","GZ Affoltern","sp001","+41 44 371 05 13","http://www.stadt-zuerich.ch/content/ted/de/index/gsz/natur-_und_erlebnisraeume/spielplaetze.html",1,"0 - 16 Jahre","Seilbahn, Sandkasten, Kombischaukel, Kletterelement, Drehkletterturm, Röhre, Rundlauf, Geschlossene Rutsche, Federwippe, Tischtennistisch","Pergola,  Feuerstellen, Brunnen, Sitzbänke, Tisch","Gemeinschaftszentrum, naturnahe Umgebung","GZ mit Spielplatz","Spiel- und Liegewiese, Spielhügel, Pergola,  Grillstellen",8.510487653,47.424941552
"Seestrasse","Wollishofen (Strandbad)","sp180","+41 44 482 10 03","http://www.stadt-zuerich.ch/content/ted/de/index/gsz/natur-_und_erlebnisraeume/spielplaetze.html",180,"0 - 9 Jahre","Brettschaukel","Sitzbänke","Spielanlage in Badeanlage. Öffnungszeiten berücksichtigen!","Spielplatz in Badeanlage","Spiel- und Liegewiese",8.537893904,47.340782952
"Cäsar Ritz Strasse","Looächeranlage","sp176","+41 44 371 05 13","http://www.stadt-zuerich.ch/content/ted/de/index/gsz/natur-_und_erlebnisraeume/spielplaetze.html",176,"0 - 16 Jahre","Hängematte, Brettschaukel, Seilanlage, Tischtennistisch","Sitzbänke","Quartierspielplatz mit Hartplatz","Spielplatz","Spiel- und Liegefläche, Kiesfläche, Hartplatz",8.497973462,47.424089481
"Am Katzenbach, Katzenbachweg","Freizeitanlage Seebach","sp164","+41 44 302 17 44","http://www.stadt-zuerich.ch/content/ted/de/index/gsz/natur-_und_erlebnisraeume/spielplaetze.html",164,"0 - 5 Jahre","Federwippe, Rotationsgerät","Sitzbänke","kleine Spielanlage","Spielplatz","Spiel- und Liegewiese",8.546572672,47.423450064
"Klingen-/Josefstrasse 46","Klingenhof","sp101","+41 44 461 21 17","http://www.stadt-zuerich.ch/content/ted/de/index/gsz/natur-_und_erlebnisraeume/spielplaetze.html",101,"0 - 5 Jahre","Rotationsgerät, Federwippe, Sandbereich, Hangrutsche","Sitzbänke, Brunnen, Basketballkorb","einmalige Spielanlage im Innenhof, ehemalige Bauruine als Spielplatz genutzt","Spielplatz","Kiesplatz",8.532958486,47.381944645
"Saumackerstrasse, bei kath. Kirche","Saumackerstrasse","sp100","+41 44 431 57 61","http://www.stadt-zuerich.ch/content/ted/de/index/gsz/natur-_und_erlebnisraeume/spielplaetze.html",100,"0 - 5 Jahre","Brettschaukel, Federwippe, Pumpen, Sandbereich,Tischtennistisch","Sitzbänke, Brunnen","kleine Spielanlage","Spielplatz","Kiesplatz",8.487840371,47.384273574
"Stauffacher-/Feldstrasse","Bäckeranlage","sp108","+41 44 461 21 17","http://www.stadt-zuerich.ch/content/ted/de/index/gsz/natur-_und_erlebnisraeume/spielplaetze.html",108,"0 - 16 Jahre","Brettschaukel, Sitzkarussell, Sandkasten, Kletternetzpyramide, Bockrutsche, Korbschaukel","ZüriWC, Planschbecken, Sitzbänke, Spielanimation","Quartierzentrum mit Restaurant, grosszügige Anlage mit verschiedenen Bereichen, alter Baumbestand","Spielplatz","Spiel- und Liegewiese, Planschbecken",8.523582681,47.377827687
"Erismannstrasse 2-16","Erismannhof","sp107","+41 44 461 21 17","http://www.stadt-zuerich.ch/content/ted/de/index/gsz/natur-_und_erlebnisraeume/spielplaetze.html",107,"0 - 5 Jahre","Brettschaukel, Sandkasten, Kletteranlage mit Rutsche, Tischtennistisch","Sitzbänke","Spielanlage im Innenhof","Spielplatz","Spiel- und Liegewiese",8.519626656,47.379593287
"Hard-/Bullingerstrasse","Bullingerhof","sp106","+41 44 461 21 17","http://www.stadt-zuerich.ch/content/ted/de/index/gsz/natur-_und_erlebnisraeume/spielplaetze.html",106,"0 - 9 Jahre","Sandkasten, Kletteranlage mit Rutsche, Bockrutsche, Federwippe, Pendelschaukel, Wasserförderanlage, Brettschaukel, Tischtennistisch","Sitzbänke, Planschbecken, Brunnen, Züri-WC","grosszügige Parkanlage mit altem Baumbestand","Spielplatz","Spiel- und Liegewiese, grosse Kiesfläche, Spielhügel",8.513795334,47.379449705
"Rebenweg 2/6","Rebenweg","sp086","+41 44 482 10 03","http://www.stadt-zuerich.ch/content/ted/de/index/gsz/natur-_und_erlebnisraeume/spielplaetze.html",86,"0 - 16 Jahre","Sandbereich, Balanciergerät, Kletteranlage mit Rutsche, Pumpe,  Rutsche, Korbschaukel, Kletterturm, Brettschaukel, Matschtisch, Federwippe","Feuerstelle, Sonnenschirme, Sitzbänke","direkt am Waldrand gelegene einzigartige Spielanlage mit riesigem Spielturm","Spielplatz","Spiel- und Liegewiese, Fussballplatz",8.513841778,47.334825194
"Owenweg","Entlisberg/Owenweg","sp085","+41 44 482 10 03","http://www.stadt-zuerich.ch/content/ted/de/index/gsz/natur-_und_erlebnisraeume/spielplaetze.html",85,"0 - 9 Jahre","Balkenwippe, Spielhaus, Federwippe, Sitzkarussell, Kletteranlage mit Rutsche, Hangrutsche, Brettschaukel, Federwippe, Sandbereich, Tischtennistisch","Sitzbänke","einzigartige, krumme und schiefe Kletteranlage","Spielplatz","Spiel- und Liegewiese",8.527518077,47.338059166
"Neubrunnen-/Birchstrasse","Werkhof Zürich Nord","sp162","+41 44 302 17 44","http://www.stadt-zuerich.ch/content/ted/de/index/gsz/natur-_und_erlebnisraeume/spielplaetze.html",162,"0 - 5 Jahre","Kletterelement, Balanciergerät, Findlinge","Spielplatztafel","kleine Spielanlage","Spielplatz","Spielhügel",8.537641699,47.417040734
"Bertastrasse/Zentralstrasse","Bertahof","sp161","+41 44 492 71 41","http://www.stadt-zuerich.ch/content/ted/de/index/gsz/natur-_und_erlebnisraeume/spielplaetze.html",161,"0 - 5 Jahre","Federwippe, Brettschaukel, Kletteranlage mit Rutsche, Balanciergerät","Sitzbänke","Innenhof mit schönem Baumbestand","Spielplatz","Kiesfläche",8.516304489,47.374951119
"Leutschenbachstrasse","Leutschenpark","sp149","+41 44 322 02 20","http://www.stadt-zuerich.ch/content/ted/de/index/gsz/natur-_und_erlebnisraeume/spielplaetze.html",149,"0 - 9 Jahre","Kletterelement, Pumpen, Pendelschaukel, Klettergerät, Sandbereich","Sitzbänke, Brunnen","moderne, grosszügige Parkanlage","Spielplatz","Spiel- und Liegewiese, Planschbecken, Boulderwand",8.556221253,47.417654061
"Ruedi-Walter-Strasse/Otto-Schütz-Weg","Wahlenpark","sp148","+41 44 302 17 44","http://www.stadt-zuerich.ch/content/ted/de/index/gsz/natur-_und_erlebnisraeume/spielplaetze.html",148,"0 - 16 Jahre","Pumpe, Rotationsgerät, Brettschaukel, Kletterelement,  Denkspiel, Drehteller, Wasserspiel, Bockrutsche","Sitzbänke, Züri-WC, Basketball, Brunnen","moderne, grosszügige Parkanlage","Spielplatz","Spiel- und Liegewiese, Planschbecken",8.540760599,47.415771144
"Eggweg","Auf der Egg","sp084","+41 44 482 10 03","http://www.stadt-zuerich.ch/content/ted/de/index/gsz/natur-_und_erlebnisraeume/spielplaetze.html",84,"0 - 5 Jahre","Korbschaukel, Hangrutsche, Sandbereich, Sitzkarussell, Federwippe","Sitzbänke","Aussicht, ruhige Lage","Spielplatz","Spielhügel",8.532583762,47.340480008
"Museumstrasse","Platzspitz","sp060","+41 44 201 75 00","http://www.stadt-zuerich.ch/content/ted/de/index/gsz/natur-_und_erlebnisraeume/spielplaetze.html",60,"0 - 5 Jahre","Drehscheiben, Brettschaukel, Klettergerät, Balkenwippe, Schachspiel","Sitzbänke","historische Parkanlage mit schönem Baumbestand","Spielplatz","Kiesplatz",8.539347051,47.380306504
"Balgriststrasse","Balgrist","sp059","+41 44 422 54 97","http://www.stadt-zuerich.ch/content/ted/de/index/gsz/natur-_und_erlebnisraeume/spielplaetze.html",59,"0 - 9 Jahre","Kletterturm, Hüpfteller, Kletterelement, Korbschaukel, Hängematte, Reck","Sitzbänke","Quartierspielplatz","Spielplatz","Kiesplatz",8.578281809,47.354109696
"Bellerivestrasse, Zürichhornanlage","Blatterwiese","sp058","+41 44 422 54 97","http://www.stadt-zuerich.ch/content/ted/de/index/gsz/natur-_und_erlebnisraeume/spielplaetze.html",58,"0 - 9 Jahre","Brettschaukel, Rutsche,  Wasserspiel, Sprossengerät, Kletterelement, Hängematte, Balanciergerät, Sandbereich,  Einpunktschaukel, Wasserspiel, Pumpe","ZüriWC,   Sitzbänke, Liegebänke","äusserst beliebter, einmaliger Spielplatz","Spielplatz","Spiel-  und Liegewiese, Boulderwand",8.551248527,47.355365726
"Buchenweg/Buchensteig","Buchenweg","sp057","+41 44 422 54 97","http://www.stadt-zuerich.ch/content/ted/de/index/gsz/natur-_und_erlebnisraeume/spielplaetze.html",57,"0 - 5 Jahre","Brettschaukel, Kletteranlage mit Rutsche, Tischtennistisch","Sitzbänke","kleine Grünanlage","Spielplatz","Spiel- und Liegewiese",8.570168675,47.357439482
"Seefeldstrasse 109","GZ Riesbach","sp056","+41 44 422 54 97","http://www.stadt-zuerich.ch/content/ted/de/index/gsz/natur-_und_erlebnisraeume/spielplaetze.html",56,"0 - 99 Jahre","Kletternetzpyramide, Rotationsgerät, Hüpfteller, Bockrutsche, Kombischaukel, Sandbereich, Brettschaukel, Hangrutsche, Spielhaus,  Labyrinth, Pumpe, Grosser Wippboden","Sitzbänke, Stühle, Vitalgeräte","Gemeinschaftszentrum, Vorplatz als Generationenplatz","GZ mit Spielplatz","Grosser Quartierspielplatz",8.553693731,47.358985208
"Drahtzugstrasse","Drahtzugstrasse","sp055","+41 44 422 54 97","http://www.stadt-zuerich.ch/content/ted/de/index/gsz/natur-_und_erlebnisraeume/spielplaetze.html",55,"0 - 9 Jahre","Schwenkwippe, Hängematte, Kletteranlage mit Rutsche","Sitzbänke","Quartierspielplatz","Spielplatz","Hartplatz",8.564471295,47.359699079
"Neumünsterstrasse 16 (Spielplatz)","Neumünsteranlage","sp054","+41 44 422 54 97","http://www.stadt-zuerich.ch/content/ted/de/index/gsz/natur-_und_erlebnisraeume/spielplaetze.html",54,"0 - 5 Jahre","Bockrutsche, Federwippe, Sandbereich, Brettschaukel","Sitzbänke","Umbau 2016","Spielplatz","Spiel- und Liegewiese",8.559095533,47.360478543
"Im Rehsprung, Käferberg","Käferberg","sp300","+41 44 361 63 18","http://www.stadt-zuerich.ch/content/ted/de/index/gsz/natur-_und_erlebnisraeume/spielplaetze.html",300,"4 - 16 Jahre","Tisch, Feuerstelle, Brunnen, grosse Kiesfläche","Tisch, Feuerstelle, Brunnen","Waldspielplatz in Waldlichtung, zwei Anlagen","Waldspielplatz","grosse Kiesfläche",8.529472313,47.399681342
"Lommisweg","Lommisweg B","sp096b","+41 44 431 57 61","http://www.stadt-zuerich.ch/content/ted/de/index/gsz/natur-_und_erlebnisraeume/spielplaetze.html","96b","0 - 16 Jahre","Hängematte, Balanciergerät, Kletteranlage mit Rutschstangen","Lümmelbank, Sitzbänke","Quartierspielplatz","Spielplatz","Kiesplatz",8.486482769,47.389880182
"Lommisweg","Lommisweg A","sp096a","+41 44 431 57 61","http://www.stadt-zuerich.ch/content/ted/de/index/gsz/natur-_und_erlebnisraeume/spielplaetze.html","96a","0 - 5 Jahre","Kletteranlage mit Rutsche, Kombischaukel, Rotationsgerät, Federwippe, Pumpen, Balkenwippe, Balanciergerät, Sandbereich","Sitzbänke","Umbau 2016","Spielplatz","Spiel- und Liegewiese",8.486889639,47.391001641
"Scheideggstrasse","Rieterpark - Scheideggstrasse","sp078b","+41 44 201 75 00","http://www.stadt-zuerich.ch/content/ted/de/index/gsz/natur-_und_erlebnisraeume/spielplaetze.html","78b","0 - 5 Jahre","Sandbereich, Federwippe, Brettschaukel, Bockrutsche, Sandkasten","Sitzbänke","grosszügige, historische Parkanlage, Museum Rietberg","Spielplatz","Spiel- und Liegewiese",8.529436966,47.356368368
"Gabler-/Grütlistrasse","Rieterpark - Gablerstrasse","sp078a","+41 44 201 75 00","http://www.stadt-zuerich.ch/content/ted/de/index/gsz/natur-_und_erlebnisraeume/spielplaetze.html","78a","0 - 5 Jahre","Sandbereich, Spielhaus, Brettschaukel, Korbschaukel, Kletteranlage mit Rutsche, Balanciergerät","Sitzbänke","grosszügige, historische Parkanlage, Museum Rietberg","Spielplatz","Spiel- und Liegewiese",8.531538923,47.359291688
"Döltschiweg","Heuried Freizeitanlage","sp074b","+41 44 492 71 41","http://www.stadt-zuerich.ch/content/ted/de/index/gsz/natur-_und_erlebnisraeume/spielplaetze.html","74b","0 - 9 Jahre","Spielhaus, Federwippe, Brettschaukel, Federwippe, Kletteranlage mit Rutsche","Sitzbänke","krumme und schiefe Kletteranlage","Spielplatz","Spiel- und Liegewiese",8.504004027,47.366955844
"Neugasse/Josef-/Ottostrasse","Josefswiese","sp099","+41 44 461 21 17","http://www.stadt-zuerich.ch/content/ted/de/index/gsz/natur-_und_erlebnisraeume/spielplaetze.html",99,"0 - 16 Jahre","Hängematte, Sandbereich, Wasserförderanlage, Brettschaukel, Balanciergerät, Korbschaukel, Balanciergerät, Hängematte, Kletteranlage mit Rutsche,  Pumpe, Tischtennistisch","ZüriWC, Beachvolleyball, Boccia, Plantschbecken","grosszügige Parkanlage mit altem Baumbestand","Spielplatz","Spiel- und Liegewiese, grosse Kiesfläche",8.522574989,47.385931013
"Eugen Huber-/Loogartenstrasse","GZ Loogarten","sp098","+41 44 431 57 61","http://www.stadt-zuerich.ch/content/ted/de/index/gsz/natur-_und_erlebnisraeume/spielplaetze.html",98,"0 - 16 Jahre","Seilanlage, Brettschaukel, Spielhaus, Pumpe, Pendelschaukel, Balanciergerät, Kletteranlage mit Rutsche, Sandbereich, Hangrutsche, Kletterelement, Hängebrücke, Wasserförderanlage","Sitzbänke, Sonnenschirme","Gemeinschaftszentrum angrenzend an Schulanlage mit Schulspielwiese und Hartflächen","GZ mit Spielplatz","Spielwiese, Bach, Sandanlage, grosse Kiesfläche",8.472148058,47.388138542
"Loogartenstrasse/Am Suteracher","Am Suteracher","sp097","+41 44 431 57 61","http://www.stadt-zuerich.ch/content/ted/de/index/gsz/natur-_und_erlebnisraeume/spielplaetze.html",97,"0 - 5 Jahre","Federwippe, Rotationsgerät,  Brettschaukel, Hangrutsche, Sandbereich","Sitzbänke","kleine, hügelige Spielanlage","Spielplatz","Spiel- und Liegewiese",8.472901973,47.38964606
"Hardhof","Hardhof","sp095","+41 44 344 14 00","http://www.stadt-zuerich.ch/content/ted/de/index/gsz/natur-_und_erlebnisraeume/spielplaetze.html",95,"0 - 9 Jahre","Wasserspiel, Pumpe, Wasserförderanlage,   Kletterelement","Sitzbänke","Attraktiver, vielfältiger Wasserspielplatz in der Sportanlage Hardhof","Spielplatz","grosser, gepflästerter Wasserspielbereich",8.498112599,47.396355143
"Hardeggweg/-strasse","Hardeggstrasse","sp094","+41 44 344 14 00","http://www.stadt-zuerich.ch/content/ted/de/index/gsz/natur-_und_erlebnisraeume/spielplaetze.html",94,"0 - 5 Jahre","Sandbereich, Sandspielgeräte, Brettschaukel, Kletteranlage mit Rutsche, Bockrutsche, Federwippe, Tischtennistisch","Sitzbänke, Volière","liegt am rechten Limmatuferweg, Volière in der Anlage","Spielplatz","Spiel- und Liegewiese, Kiesfläche",8.502526008,47.396643445
"Bauherrenstrasse","Sonnegg/Bauherrenstrasse","sp092","+41 44 344 14 00","http://www.stadt-zuerich.ch/content/ted/de/index/gsz/natur-_und_erlebnisraeume/spielplaetze.html",92,"0 - 5 Jahre","Rutsche, Brettschaukel, Sandbereich, Federwippe, Hüpfteller","Sitzbänke","ruhig gelegene Anlage mit schöner Aussicht","Spielplatz","grosse, terrassierte Kiesfläche",8.4977419,47.401554438
"Hohenklingen-Allee","Hohenklingen Allee","sp091","+41 44 344 14 00","http://www.stadt-zuerich.ch/content/ted/de/index/gsz/natur-_und_erlebnisraeume/spielplaetze.html",91,"0 - 5 Jahre","Spielhaus, Rutsche, Federwippe,  Sandbereich, Brettschaukel","Sitzbänke","schöne Aussicht","Spielplatz","terrassierte Spielfläche",8.489316972,47.402288657
"Bachstrasse","GZ Wollishofen","sp083","+41 44 201 75 00","http://www.stadt-zuerich.ch/content/ted/de/index/gsz/natur-_und_erlebnisraeume/spielplaetze.html",83,"0 - 16 Jahre","Sandkasten, Kletteranlage mit Rutsche, Brettschaukel, Spezialgeräte","Feuerstelle, Sitzbänke, Pergola, Bocciabahn","direkt am Zürichsee gelegenes Gemeinschaftszentrum mit Café","GZ mit Spielplatz","Spiel- und Liegewiese, Kiesfläche",8.536362757,47.34507223
"Muggenbühlstrasse 15","Muggenbühl","sp082","+41 44 482 10 03","http://www.stadt-zuerich.ch/content/ted/de/index/gsz/natur-_und_erlebnisraeume/spielplaetze.html",82,"0 - 5 Jahre","Hangrutsche, Drehkletterturm, Federwippe, Reck, Sandkasten","Sitzbänke","ruhige, übersichtliche Spielanlage","Spielplatz","Spiel- und Liegewiese",8.52648038,47.350433643
"Schweighofstr./Staudenweg/ Bachtobelstr.","Murmeliwiese","sp080","+41 44 461 21 17","http://www.stadt-zuerich.ch/content/ted/de/index/gsz/natur-_und_erlebnisraeume/spielplaetze.html",80,"0 - 9 Jahre","Kletteranlage mit Rutsche, Wasserförderanlage, Sandbereich, Hängematte, Korbschaukel, Tischtennistisch","Sitzbänke, Pergola","schöner Bachspielplatz mit Velopark","Spielplatz","Spiel- und Liegewiese, Velopark",8.508457139,47.357541699
"Seestrasse 119","Belvoirpark","sp079","+41 44 201 75 00","http://www.stadt-zuerich.ch/content/ted/de/index/gsz/natur-_und_erlebnisraeume/spielplaetze.html",79,"0 - 5 Jahre","Rotationsgerät, Sandbereich, Federwippe, Brettschaukel, Bockrutsche","Sitzbänke","historische Parkanlage","Spielplatz","Hartplatz",8.532852887,47.35818026
"Wolfbachtobelweg","Wolfbachtobel","sp048","+41 44 422 54 97","http://www.stadt-zuerich.ch/content/ted/de/index/gsz/natur-_und_erlebnisraeume/spielplaetze.html",48,"0 - 9 Jahre","Seilanlage, Spiegel, Brettschaukel, Hangrutsche, Seilkletteranlage","Sitzbänke, Blockhütte, Liegerost","Familienausflugsziel an einem Bachtobel mit Blockhütte","Spielplatz","Spiel- und Liegewiese, Schotterrasen",8.56196173,47.371903073
"Untere Zäune","Untere Zäune","sp047","+41 44 361 63 18","http://www.stadt-zuerich.ch/content/ted/de/index/gsz/natur-_und_erlebnisraeume/spielplaetze.html",47,"0 - 5 Jahre","Brettschaukel, Sandbereich, Karussell, Balanciergerät, Hüpfteller, Klettergerät, Tischtennistisch","Sitzbänke","eingezäunter Kleinkinderspielbereich unter altem Baumbestand","Spielplatz","Kleiner Kiesplatz mit Sitzmöglichkeiten",8.545557583,47.371989598
"Kantstrasse","Kirche Fluntern","sp046","+41 44 361 63 18","http://www.stadt-zuerich.ch/content/ted/de/index/gsz/natur-_und_erlebnisraeume/spielplaetze.html",46,"0 - 5 Jahre","Pumpen, Brettschaukel, Sandbereich","Sitzbänke, Brunnen","ruhig, schön gelegene Anlage","Spielplatz","Spiel- und Liegewiese",8.556290824,47.376637008
"Stöckenhaldenweg","Buchholz","sp053","+41 44 381 01 00","http://www.stadt-zuerich.ch/content/ted/de/index/gsz/natur-_und_erlebnisraeume/spielplaetze.html",53,"0 - 16 Jahre","Findlinge, Federwippe, Sandbereich,  Pumpen, Schwingwippe, Brettschaukel,  Kletterelement, Hangrutsche, Riesenschaukel, Kletteranlage mit Rutsche, Tischtennistisch","WC, Sitzbänke, Feuerstellen","beliebtes Ausflugsziel","Spielplatz","Spiel- und Liegewiese, Spielhügel, Waldspielplatz",8.584406375,47.361406332
"Minervastrasse","Artergut","sp052","+41 44 422 54 97","http://www.stadt-zuerich.ch/content/ted/de/index/gsz/natur-_und_erlebnisraeume/spielplaetze.html",52,"0 - 16 Jahre","Kletteranlagen mit Rutschen, Brettschaukel, Federwippe, Sandbereich,  Spielhaus, Wasserspiel, Kletteranlage mit Rutsche","Sitzbänke","grosszügige Parkanlage mit altem Baumbestand","Spielplatz","Spiel- und Liegewiese, Spielhügel, Planschbecken",8.55499016,47.366139858
"Hohe Promenade","Hohe Promenade","sp051","+41 44 361 63 18","http://www.stadt-zuerich.ch/content/ted/de/index/gsz/natur-_und_erlebnisraeume/spielplaetze.html",51,"0 - 5 Jahre","Sitzkarussell, Brettschaukel, Federwippe, Rutsche, Sandbereich","Sitzbänke, Brunnen","eingefriedeter Kleinkinderspielplatz","Spielplatz","Kleinkinderspielplatz",8.548775166,47.367769213
"Heuelstrasse","Sonnenberg-Terrasse","sp050","+41 44 422 54 97","http://www.stadt-zuerich.ch/content/ted/de/index/gsz/natur-_und_erlebnisraeume/spielplaetze.html",50,"0 - 5 Jahre","Kletteranlage, Brettschaukel, Sandbereich, Spielhaus, Federwippe, Balkenwippe,  Hangrutsche","Sitzbänke, Brunnen, Pergola","wunderschöne Aussicht auf die Stadt","Spielplatz","Quartierspielplatz",8.567234706,47.368079916
"Winkelwiese 4 (Spielplatz)","Villa Tobler","sp049","+41 44 361 63 18","http://www.stadt-zuerich.ch/content/ted/de/index/gsz/natur-_und_erlebnisraeume/spielplaetze.html",49,"0 - 5 Jahre","Sandkasten, Brettschaukel, Federwippe","Sitzbänke","Historischer Villengarten in der Altstadt","Spielplatz","kleiner Spielplatz",8.54656909,47.369917359
"Winterthurer-/Milchbuckstrasse","Milchbuckanlage","sp028","+41 44 361 63 18","http://www.stadt-zuerich.ch/content/ted/de/index/gsz/natur-_und_erlebnisraeume/spielplaetze.html",28,"0 - 5 Jahre","Brettschaukel, Sandbereich, Federwippe","Sitzbänke","Kleine Parkanlage","Spielplatz","Spiel- und Liegewiese",8.544287959,47.393761027
"Nord-/Lehenstrasse","Lehenanlage","sp027","+41 44 361 63 18","http://www.stadt-zuerich.ch/content/ted/de/index/gsz/natur-_und_erlebnisraeume/spielplaetze.html",27,"0 - 9 Jahre","Brettschaukel, Kletteranlage mit Rutsche, Hangrutsche, Tischtennistisch","Sitzbänke","Kleine Parkanlage","Spielplatz","grosse Kiesfläche",8.522106607,47.396200678
"Döltschiweg 130 (Spielplatz)","GZ Heuried Erlebnisgarten","sp074a","+41 44 492 71 41","http://www.stadt-zuerich.ch/content/ted/de/index/gsz/natur-_und_erlebnisraeume/spielplaetze.html","74a","0 - 16 Jahre","Balanciergerät, Seilanlage, Kletterturm, Hängematte,  Rutsche, Korbschaukel, Partnerschaukel, Wasserförderanlage, Tischtennistisch","Sitzbänke, Feuerstellen","Gemeinschaftszentrum mit Tieren,  grosszügige Anlage","GZ mit Spielplatz","Tiergehege",8.50306523,47.367279985
"Nordstrasse","Schindlergut","sp033b","+41 44 361 63 18","http://www.stadt-zuerich.ch/content/ted/de/index/gsz/natur-_und_erlebnisraeume/spielplaetze.html","33b","0 - 16 Jahre","Korbschaukel, Kletteranlage mit Rutsche, Hängematte","Sitzbänke, Brunnen","grosszügige Parkanlage mit altem Baumbestand","Spielplatz","Spiel- und Liegewiese",8.536085309,47.386544207
"Nord-/Kronenstrasse","GZ Schindlergut","sp033a","+41 44 361 63 18","http://www.stadt-zuerich.ch/content/ted/de/index/gsz/natur-_und_erlebnisraeume/spielplaetze.html","33a","0 - 16 Jahre","Sandbereich, Brettschaukel, Kletteranlagen mit Rutsche, Korbschaukel, Tischtennistisch","Sitzbänke, Feuerstellen","Gemeinschaftszentrum, sehr grosszügige Anlage mit Aussicht, Pflanzenlabyrinth","GZ mit Spielplatz","Spiel- und Liegewiese",8.536545584,47.386914481
"Dialogweg 6","Andreaspark B","sp163b","+41 44 322 02 20","http://www.stadt-zuerich.ch/content/ted/de/index/gsz/natur-_und_erlebnisraeume/spielplaetze.html","163b","0 - 5 Jahre","Röhren, Spielhaus, Brettschaukel, Sandkasten, Pumpe","Sitzbänke, Sonnenschirm","Quartierspielplatz","Spielplatz","Spiel- und Liegewiese",8.560037541,47.413227517
"Andreasstrasse/Riedgrabenweg","Andreaspark A","sp163a","+41 44 322 02 20","http://www.stadt-zuerich.ch/content/ted/de/index/gsz/natur-_und_erlebnisraeume/spielplaetze.html","163a","0 - 9 Jahre","Drehteller, Gurtensteg, Hüpfteller, Schwingwippe","Sitzbänke, Brunnen, Basketballkorb","Quartierspielplatz","Spielplatz","Spiel- und Liegewiese, Hartplatz",8.558211653,47.413142589
"Stiglenstrasse","Eichrain Tennisplatz","sp132a","+41 44 302 17 44","http://www.stadt-zuerich.ch/content/ted/de/index/gsz/natur-_und_erlebnisraeume/spielplaetze.html","132a","0 - 5 Jahre","Federwippe, Sandbereich, Brettschaukel","Sitzbänke, Pergola","kleine Spielanlage neben Tennisplatz","Spielplatz","Kiesfläche",8.548261875,47.428938562
"Schärrergasse","Schärrerwiese","sp090","+41 44 344 14 00","http://www.stadt-zuerich.ch/content/ted/de/index/gsz/natur-_und_erlebnisraeume/spielplaetze.html",90,"0 - 9 Jahre","Brettschaukel, Bockrutsche, Kletteranlage mit Rutsche, Pumpen, Sandbereich","Spielkisten, Sitzbänke, Pergola","grosszügige Parkanlage mit Heckenlabyrinth","Spielplatz","Spiel- und Liegewiese,  Wasserspielbereich",8.497574357,47.402831254
"Waidbadstrasse","Waidbad","sp089","+41 44 344 14 00","http://www.stadt-zuerich.ch/content/ted/de/index/gsz/natur-_und_erlebnisraeume/spielplaetze.html",89,"0 - 9 Jahre","Balkenwippe, Brettschaukel, Balanciergerät, Balanciergerät, Kletterelement, Pumpe,  Wasserspiel, Kletterelement, Brettschaukel","Sitzbänke, Feuerstellen","ruhig gelegener Spielplatz am Waldrand neben Tennisanlage Waidberg, beliebtes Ausflugsziel","Spielplatz","Spiel- und Liegewiese",8.515376777,47.403193877
"Erligatterweg 51","GZ Neubühl","sp087","+41 44 482 10 03","http://www.stadt-zuerich.ch/content/ted/de/index/gsz/natur-_und_erlebnisraeume/spielplaetze.html",87,"0 - 5 Jahre","Sandkasten, Brettschaukel, Balkenwippe, Hangrutsche, Federwippe","Spielkisten, Sitzbänke, Feuerstelle","Gemeinschaftszentrum mit übersichtlichem Aussenraum","GZ mit Spielplatz","Spiel- und Liegewiese",8.532737215,47.332025107
"Loorenkopfstrasse","Loorenkopf","sp137","+41 44 422 54 97","http://www.stadt-zuerich.ch/content/ted/de/index/gsz/natur-_und_erlebnisraeume/spielplaetze.html",137,"0 - 5 Jahre","keine Spielgeräte","Sitzbänke,  Feuerstelle, Brunnen, Unterstand","Waldspielplatz in Waldlichtung, Aussichtsturm","Spielfläche im Wald","grosse Kiesfläche",8.59896119,47.369683093
"Degenriedstrasse","Degenried","sp136","+41 44 422 54 97","http://www.stadt-zuerich.ch/content/ted/de/index/gsz/natur-_und_erlebnisraeume/spielplaetze.html",136,"0 - 5 Jahre","keine Spielgeräte","Sitzbänke, Feuerstelle, Brunnen","Waldspielplatz in Waldlichtung, Ausflugsrestaurant","Spielfläche im Wald","Spiel- und Liegewiese, Teich",8.57831054,47.367783788
"Binzmühlestrasse 40","Brache Binzmühlestrasse","sp195","+41 44 302 14 44","http://www.stadt-zuerich.ch/content/ted/de/index/gsz/natur-_und_erlebnisraeume/spielplaetze.html",195,"0 - 9 Jahre","Brettschaukel, Korbschaukel, Kletteranlage mit Rutsche, Sandkasten","Sitzbänke, Sonnensegel, Pflanzkisten","Temporärer Quartierspielplatz mit einer einzigartigen mobilen Kukuk-Box","Spielplatz","Kiesfläche",8.546394234,47.414141698
"Bellerivestrasse","Tiefenbrunnen (Strandbad)","sp135","+41 44 422 54 97","http://www.stadt-zuerich.ch/content/ted/de/index/gsz/natur-_und_erlebnisraeume/spielplaetze.html",135,"0 - 9 Jahre","Federwippe, Balkenwippe, Bockrutsche, Brettschaukel, Pumpe","Sitzbänke","Jeweils kostenlos zugänglich von Oktober bis April","Spielplatz in Badeanlage","Spiel- und Liegewiese",8.55585563,47.353005957
"Dreiwiesen-/Tobelhofstrasse","Dreiwiesen","sp045","+41 44 422 54 97","http://www.stadt-zuerich.ch/content/ted/de/index/gsz/natur-_und_erlebnisraeume/spielplaetze.html",45,"0 -9 Jahre","keine Spielgeräte","Sitzbänke, Tisch, Feuerstelle, Brunnen","Waldlichtung","Spielfläche im Wald","Spiel- und Liegewiese",8.576424838,47.378894542
"Sirius-/Hochstrasse","Siriuswiese","sp043","+41 44 361 63 18","http://www.stadt-zuerich.ch/content/ted/de/index/gsz/natur-_und_erlebnisraeume/spielplaetze.html",43,"0 - 9 Jahre","Sandbereich, Balanciergerät, Rutsche, Klettergerät, Brettschaukel, Federwippe,  Korbschaukel, Kletterturm, Pumpen","Sitzbänke, Brunnen","Einzigartiger Quartierspielplatz","Spielplatz","Spiel- und Liegewiese",8.552816918,47.380794581
"Freudenbergstrasse 41","Schlössliareal","sp042","+41 44 361 63 18","http://www.stadt-zuerich.ch/content/ted/de/index/gsz/natur-_und_erlebnisraeume/spielplaetze.html",42,"0 - 5 Jahre","Brettschaukel, Planschbecken, Hangrutsche, Sandbereich, Federwippe","Sitzbänke","Quartierspielplatz","Spielplatz","Spiel- und Liegewiese, Planschbecken",8.558293076,47.381950358
"Batteriestrasse (Hochwacht)","Hochwacht","sp041","+41 44 361 63 18","http://www.stadt-zuerich.ch/content/ted/de/index/gsz/natur-_und_erlebnisraeume/spielplaetze.html",41,"0 - 5 Jahre","keine Spielgeräte","Sitzbänke, Tisch, Feuerstellen","Waldspielplatz, Familien- und Klassenausflugsziel, Aussicht von Kanzel","Spielfläche im Wald","Kleiner Kiesplatz mit Sitzmöglichkeiten",8.570652892,47.384600288
"Heubeeriweg/Oberholzstrasse","Escherhöhe","sp040","+41 44 361 63 18","http://www.stadt-zuerich.ch/content/ted/de/index/gsz/natur-_und_erlebnisraeume/spielplaetze.html",40,"0 - 5 Jahre","keine Spielgeräte","Sitzbänke, Tisch, Feuerstelle, Brunnen, Unterstand","Waldspielplatz in Waldlichtung","Spielfläche im Wald","Spiel- und Liegewiese",8.567843647,47.386408884
"Ottikerweg/Stolzestrasse","Stolzewiese","sp039","+41 44 361 63 18","http://www.stadt-zuerich.ch/content/ted/de/index/gsz/natur-_und_erlebnisraeume/spielplaetze.html",39,"0 - 16 Jahre","Balanciergerät, Sandbereich, Hangrutsche, Brettschaukel, Geschlossene Rutsche, Reck, Federwippe, Kletteranlage mit Rutsche, Tischtennistisch","Sitzbänke, Brunnen","Grosszügige Parkanlage","Spielplatz","Spiel- und Liegewiese, Wasserspielbereich",8.546420186,47.386733382
"Möhrli-/Schanzackerstrasse","Möhrlianlage","sp037","+41 44 361 63 18","http://www.stadt-zuerich.ch/content/ted/de/index/gsz/natur-_und_erlebnisraeume/spielplaetze.html",37,"0 - 5 Jahre","Sandbereich, Federwippe, Brettschaukel, Tischtennistisch","Sitzbänke, Feuerstellen","Kleine Parkanlage","Spielplatz","Sandanlage, Kiesrasenfläche",8.547004945,47.390011001
"Gemeindehausstrasse 54","GZ Hottingen","sp146","+41 44 422 54 97","http://www.stadt-zuerich.ch/content/ted/de/index/gsz/natur-_und_erlebnisraeume/spielplaetze.html",146,"0 - 9 Jahre","Drehkletterturm, Hüpfteller","Sitzbänke","Gemeinschaftszentrum","GZ mit Spielplatz","grosse Kiesfläche, Hartplatz",8.556619568,47.369450954
"Hohensteinstrasse/Schwendenholz-/Hohensteinweg","Hohenstein","sp145","+41 44 492 71 41","http://www.stadt-zuerich.ch/content/ted/de/index/gsz/natur-_und_erlebnisraeume/spielplaetze.html",145,"0 - 9 Jahre","Kletterelement, Korbschaukel, Brettschaukel, Kletteranlage mit Rutsche, Klettergerät, Balanciergerät","Sitzbänke, Feuerstelle, Brunnen","Waldspielplatz in schöner Waldlichtung, Aussicht","Spielplatz","Spiel- und Liegewiese",8.487294839,47.361145672
"Im Schaber","Hasenrain","sp144","+41 44 431 57 61","http://www.stadt-zuerich.ch/content/ted/de/index/gsz/natur-_und_erlebnisraeume/spielplaetze.html",144,"0 - 9 Jahre","Klettergerät, Brettschaukel","Sitzbänke, Feuerstelle, Brunnen","Waldspielplatz in Waldlichtung, schöne Aussicht","Spielwiese im Wald","Spiel- und Liegewiese",8.478592081,47.375364824
"Regina Kägi-Strasse","Louis Häfliger Park","sp143","+41 44 302 17 44","http://www.stadt-zuerich.ch/content/ted/de/index/gsz/natur-_und_erlebnisraeume/spielplaetze.html",143,"0 - 16 Jahre","Brettschaukel, Sprossengerät, Bockrutsche, Reck","Sitzbänke, Liegeflächen","moderne Parkanlage","Spielplatz","Spiel- und Liegewiese, Hartplatz, Allwetterplatz, Spielhügel",8.533601314,47.412512916
"Bleulerstrasse","Sportanlage Lengg","sp142","+41 44 422 54 97","http://www.stadt-zuerich.ch/content/ted/de/index/gsz/natur-_und_erlebnisraeume/spielplaetze.html",142,"4 - 9 Jahre","Federwippe, Kletteranlage mit Rutsche, Tischtennistisch","Sitzbänke","liegt innerhalb der Tennisanlage, Öffnungszeiten beachten!","Spielplatz","Spiel- und Liegewiese",8.571755635,47.350278296
"Föhrenweg","Annaburg","sp141","+41 44 482 10 03","http://www.stadt-zuerich.ch/content/ted/de/index/gsz/natur-_und_erlebnisraeume/spielplaetze.html",141,"0 - 5 Jahre","keine Spielgeräte","Sitzbänke,  Feuerstelle, Brunnen, WC, Unterstand","Waldspielplatz, Aussicht über die ganze Stadt, liegt am Planetenweg auf dem Uetliberg","Spielfläche im Wald","Spiel- und Liegewiese",8.497981878,47.34526296
"Kappeliholzstrasse","Kappeli","sp140","+41 44 344 14 00","http://www.stadt-zuerich.ch/content/ted/de/index/gsz/natur-_und_erlebnisraeume/spielplaetze.html",140,"0 - 5 Jahre","keine Spielgeräte","Sitzbänke,  Brunnen","Waldlichtung","Spielfläche im Wald","grosse Kiesfläche",8.501310128,47.410722011
"Seestrasse 407","Rote Fabrik","sp116","+41 44 482 10 03","http://www.stadt-zuerich.ch/content/ted/de/index/gsz/natur-_und_erlebnisraeume/spielplaetze.html",116,"0 - 5 Jahre","Brettschaukel, Kletteranlage mit Rutsche, Bahnkarussell, Sandbereich, Pumpe, Federwippe","Sitzbänke, Feuerstelle","schönes Spielschiff direkt am See","Spielplatz","grosse Kiesfläche",8.537023279,47.342985751
"Langgrütweg, zw. In d.Ey u. Langrütstr.","Langgrüt - Altweg","sp115","+41 44 431 57 61","http://www.stadt-zuerich.ch/content/ted/de/index/gsz/natur-_und_erlebnisraeume/spielplaetze.html",115,"0 - 5 Jahre","Brettschaukel, Sandbereich, Bockrutsche, Federwippe, Pumpe","Sitzbänke","ruhiger Spielplatz","Spielplatz","Spiel- und Liegewiese",8.490828942,47.373509523
"Stauffacher-/St. Jakobstrasse","Lutherwiese","sp114","+41 44 461 21 17","http://www.stadt-zuerich.ch/content/ted/de/index/gsz/natur-_und_erlebnisraeume/spielplaetze.html",114,"0 - 5 Jahre","Kombischaukel, Federwippe, Korbschaukel, Kletteranlage mit Rutsche, Sandbereich","ZüriWC, Sitzbänke","Quartierspielplatz","Spielplatz","Spiel- und Liegewiese",8.528289992,47.374564156
"Zurlindenstrasse 235","Zurlindenhof II","sp063","+41 44 492 71 41","http://www.stadt-zuerich.ch/content/ted/de/index/gsz/natur-_und_erlebnisraeume/spielplaetze.html",63,"0 - 9 Jahre","Sandbereich, Seilanlage mit Rutsche, Balanciergerät, Brettschaukel","Sitzbänke","ruhiger Innenhof mit Kinderhort und -garten","Spielplatz","Spiel- und Liegewiese",8.512690186,47.375269549
"Zurlindenstrasse 232 (Spielplatz)","Zurlindenhof I","sp062","+41 44 492 71 41","http://www.stadt-zuerich.ch/content/ted/de/index/gsz/natur-_und_erlebnisraeume/spielplaetze.html",62,"0 - 9 Jahre","Hangrutsche, Korbschaukel, Balanciergerät, Sandbereich, Kletterelement, Federwippe","Sitzbänke","grosszügiger, ruhiger Innenhof","Spielplatz","Spiel- und Liegewiese, Spielhügel",8.513676417,47.375908073
"Fritschi-/Badener-/Zypressenstrasse","Fritschiwiese","sp061","+41 44 492 71 41","http://www.stadt-zuerich.ch/content/ted/de/index/gsz/natur-_und_erlebnisraeume/spielplaetze.html",61,"0 - 16 Jahre","Slackline, Pumpen, Brettschaukel, Drehkletterturm, Drehscheibe, Karussell, Seilbahn, Hangrutsche, Spielhaus, Brettschaukel, Planschbecken, Boulderwand, Tischtennistisch, Kletterelement","Sitzbänke, Sitzelemente 'Fritschis', Feuerstellen, Spielanimation","grosszügige, beliebte Parkanlage mit Planschbecken","Spielplatz","Spiel-  und Liegewiese, Spielhügel,  Boulderwand, Planschbecken",8.512040149,47.376049044
"Weidmannstrasse","Ruggächeranlage","sp175","+41 44 371 05 13","http://www.stadt-zuerich.ch/content/ted/de/index/gsz/natur-_und_erlebnisraeume/spielplaetze.html",175,"0 - 9 Jahre","Kletterelement, Brettschaukel,  Wasserförderanlage, Balanciergerät, Kletterelement, Korbschaukel, Spielhaus, Federwippe, Pumpe, Bockrutsche,    Seilanlage,  Sandbereich","Sitzbänke, Sonnensegel","Quartierspielplatz","Spielplatz","Kiesfläche",8.501492231,47.423143944
"Dora Staudingerstrasse","Holderbachwiese","sp174","+41 44 371 05 13","http://www.stadt-zuerich.ch/content/ted/de/index/gsz/natur-_und_erlebnisraeume/spielplaetze.html",174,"0 - 16 Jahre","keine Spielgeräte","Sitzbänke, Brunnen","kleiner Bolzplatz","Spielplatz","Fussballwiese",8.505220766,47.422048937
"Hardau","Hardaupark","sp173","+41 44 461 21 17","http://www.stadt-zuerich.ch/content/ted/de/index/gsz/natur-_und_erlebnisraeume/spielplaetze.html",173,"0 - 9 Jahre","Balanciergerät, Matschtisch, Rotationsgerät, Brettschaukel, Sandbereich, Pumpe, Drehteller","Feuerstelle, Sitzbänke, Züri-WC, Basketball, Brunnen, Sonnenschirm","moderne, grosszügige Parkanlage","Spielplatz","Spiel- und Liegewiese, Liegerost aus Holz, Hartplatz",8.509630155,47.37954091
"Irringersteig","Irringersteig","sp172","+41 44 361 63 18","http://www.stadt-zuerich.ch/content/ted/de/index/gsz/natur-_und_erlebnisraeume/spielplaetze.html",172,"0 - 9 Jahre","Kletterelement, Sandkasten, Seilanlage mit Rutsche, Balanciergerät, Kletterelement","Sitzbänke","Quartierspielplatz","Spielplatz","Spiel- und Liegewiese",8.551395808,47.379543405
"Bernerstrasse 331 (Spielplatz)","Sportanlage Juchhof","sp168","+41 44 344 14 00","http://www.stadt-zuerich.ch/content/ted/de/index/gsz/natur-_und_erlebnisraeume/spielplaetze.html",168,"0 - 5 Jahre","Rotationsgerät, Brettschaukel,  Federwippe, Denkspiel,  Sandkasten, Reck","Sitzbänke","Die Anlage befindet sich am Rand der Sportanlage Juchhof. Der Spielplatz ist jederzeit zugänglich.","Spielplatz","Hartplatz",8.46700973,47.398772091
"Süsslerenstrasse","Süsslerenanlage","sp113","+41 44 431 57 61","http://www.stadt-zuerich.ch/content/ted/de/index/gsz/natur-_und_erlebnisraeume/spielplaetze.html",113,"0 - 5 Jahre","Hüpfteller, Federwippe, Kletteranlage,  Sandkasten, Brettschaukel, Hangrutsche, Balanciergerät, Tischtennistisch","Sitzbänke","grosszügige Parkanlage mit altem Baumbestand","Spielplatz","Bachspielplatz, Spiel- und Liegewiese, Schlittelhügel",8.493763075,47.376204244
"Feldstrasse 37","Pflanzschulwiese","sp111","+41 44 461 21 17","http://www.stadt-zuerich.ch/content/ted/de/index/gsz/natur-_und_erlebnisraeume/spielplaetze.html",111,"0 - 5 Jahre","Bockrutsche, Sitzkarussell, Spielhaus, Brettschaukel, Sandbereich","Sitzbänke, Brunnen","kleine Spielanlage neben grosser Spielwiese","Spielplatz","Spiel- und Liegewiese",8.520757383,47.376056726
"Helvetiaplatz","Kanzleiwiese","sp110","+41 44 461 21 17","http://www.stadt-zuerich.ch/content/ted/de/index/gsz/natur-_und_erlebnisraeume/spielplaetze.html",110,"0 - 9 Jahre","Korbschaukel, Kletteranlage mit Rutsche, Wasserförderanlage, Hangrutsche","Sitzbänke, ZüriWC, Spielanimation, Brunnen","krumme und schiefe Spielanlage, Steinpyramiede","Spielplatz","Spiel- und Liegewiese, grosse Kiesfläche",8.525935961,47.375878535
"Kanonengasse 18, im Innenhof des alten Zeughaus","Kasernenareal","sp109","+41 44 461 21 17","http://www.stadt-zuerich.ch/content/ted/de/index/gsz/natur-_und_erlebnisraeume/spielplaetze.html",109,"0 - 5 Jahre","Schwingwippe, Brettschaukel, Sandkasten, Bockrutsche","Sitzbänke","eingezäunter Kleinkinderspielbereich","Spielplatz","Spiel- und Liegewiese, Hartplatz",8.530154442,47.377346566
"Aemtlerstrasse","Aemtleranlage","sp067","+41 44 492 71 41","http://www.stadt-zuerich.ch/content/ted/de/index/gsz/natur-_und_erlebnisraeume/spielplaetze.html",67,"0 - 9 Jahre","Seilanlage mit Rutsche, Wasserspiel, Kletteranlage mit Rutsche, Einpunktschaukel, Sandbereich,  Wasserförderanlage, Kletteranlage mit Rutsche, Wasserförderanlage","Sitzbänke, Brunnen, Feuerstellen, Pergola","historische Parkanlage mit schönem Baumbestand","Spielplatz","Spiel- und Liegewiese",8.51114148,47.373852589
"Sihlfeld-/Zentral-/Gertrudstrasse","Gertrudplatz","sp066","+41 44 492 71 41","http://www.stadt-zuerich.ch/content/ted/de/index/gsz/natur-_und_erlebnisraeume/spielplaetze.html",66,"0 - 5 Jahre","Brettschaukel, Sandbereich, Kletteranlage mit Rutsche,  Federwippe,  Bockrutsche","Sitzbänke, Brunnen","Kleine Parkanlage","Spielplatz","Kiesplatz",8.516839381,47.374051368
"Lindenhofstrasse","Lindenhof","sp065","+41 44 201 75 00","http://www.stadt-zuerich.ch/content/ted/de/index/gsz/natur-_und_erlebnisraeume/spielplaetze.html",65,"0 - 5 Jahre","Brettschaukel, Sandbereich, Schachspiel","Sitzbänke, Brunnen","historische Anlage mit schönem Lindenbestand und Aussicht auf die Altstadt","Spielplatz","Kiesplatz",8.540422923,47.373127291
"Oetenbachgasse/Lindenhofstrasse","Urania","sp064","+41 44 201 75 00","http://www.stadt-zuerich.ch/content/ted/de/index/gsz/natur-_und_erlebnisraeume/spielplaetze.html",64,"0 - 5 Jahre","Sandbereich, Federwippe,  Hangrutsche, Klettergerät, Kombischaukel","Sitzbänke, WC","abwechslungsreiche Anlage mit Aussicht über die Altstadt","Spielplatz","Spiel- und Liegewiese",8.541157773,47.373545808
